select * from not_exists_in_prd;

truncate table post;
truncate table post_com;
truncate table post_file;

Insert into POST (POSTID,BOARDID,PA_POSTID,TITLE,USERID,REG_DATE,ABLE,POSTGN) values (1,1,null,'첫번째글입니다','bshn123',to_date('2019/08/29','YYYY/MM/DD'),'T',1);
Insert into POST (POSTID,BOARDID,PA_POSTID,TITLE,USERID,REG_DATE,ABLE,POSTGN) values (2,1,1,'두번째글입니다','bshn123',to_date('2019/08/29','YYYY/MM/DD'),'T',1);
Insert into POST (POSTID,BOARDID,PA_POSTID,TITLE,USERID,REG_DATE,ABLE,POSTGN) values (3,1,null,'세번째글입니다','bshn123',to_date('2019/08/29','YYYY/MM/DD'),'F',3);
Insert into POST (POSTID,BOARDID,PA_POSTID,TITLE,USERID,REG_DATE,ABLE,POSTGN) values (4,1,1,'네번째글입니다','bshn123',to_date('2019/08/29','YYYY/MM/DD'),'T',1);
Insert into POST (POSTID,BOARDID,PA_POSTID,TITLE,USERID,REG_DATE,ABLE,POSTGN) values (5,1,2,'다섯번째글입니다','bshn123',to_date('2019/08/29','YYYY/MM/DD'),'T',1);
Insert into POST (POSTID,BOARDID,PA_POSTID,TITLE,USERID,REG_DATE,ABLE,POSTGN) values (20,1,null,'asdfasdf','bshn123',to_date('2019/08/30','YYYY/MM/DD'),'F',20);
Insert into POST (POSTID,BOARDID,PA_POSTID,TITLE,USERID,REG_DATE,ABLE,POSTGN) values (21,1,null,'asdfasdfasdf','bshn123',to_date('2019/08/30','YYYY/MM/DD'),'F',21);
Insert into POST (POSTID,BOARDID,PA_POSTID,TITLE,USERID,REG_DATE,ABLE,POSTGN) values (18,1,null,'asdfasdfasdf','bshn123',to_date('2019/08/30','YYYY/MM/DD'),'T',18);
Insert into POST (POSTID,BOARDID,PA_POSTID,TITLE,USERID,REG_DATE,ABLE,POSTGN) values (19,1,null,'asdfasdf','bshn123',to_date('2019/08/30','YYYY/MM/DD'),'F',19);
Insert into POST (POSTID,BOARDID,PA_POSTID,TITLE,USERID,REG_DATE,ABLE,POSTGN) values (22,1,null,'asdfasdfasdf','bshn123',to_date('2019/08/30','YYYY/MM/DD'),'T',22);
Insert into POST (POSTID,BOARDID,PA_POSTID,TITLE,USERID,REG_DATE,ABLE,POSTGN) values (23,2,null,'asdf','bshn123',to_date('2019/08/30','YYYY/MM/DD'),'T',23);
Insert into POST (POSTID,BOARDID,PA_POSTID,TITLE,USERID,REG_DATE,ABLE,POSTGN) values (24,1,null,'답글답글','bshn123',to_date('2019/08/30','YYYY/MM/DD'),'T',24);
Insert into POST (POSTID,BOARDID,PA_POSTID,TITLE,USERID,REG_DATE,ABLE,POSTGN) values (25,1,null,'ㅇㅅㅇ','bshn123',to_date('2019/08/30','YYYY/MM/DD'),'F',25);
Insert into POST (POSTID,BOARDID,PA_POSTID,TITLE,USERID,REG_DATE,ABLE,POSTGN) values (26,1,null,'ㅇㅅㅇ','bshn123',to_date('2019/08/30','YYYY/MM/DD'),'T',26);
Insert into POST (POSTID,BOARDID,PA_POSTID,TITLE,USERID,REG_DATE,ABLE,POSTGN) values (27,1,null,'dtd','bshn123',to_date('2019/08/30','YYYY/MM/DD'),'T',27);
Insert into POST (POSTID,BOARDID,PA_POSTID,TITLE,USERID,REG_DATE,ABLE,POSTGN) values (28,1,null,'asdfasdf','bshn123',to_date('2019/08/30','YYYY/MM/DD'),'F',28);
Insert into POST (POSTID,BOARDID,PA_POSTID,TITLE,USERID,REG_DATE,ABLE,POSTGN) values (29,1,27,'asdfasdf','bshn123',to_date('2019/08/30','YYYY/MM/DD'),'T',27);
Insert into POST (POSTID,BOARDID,PA_POSTID,TITLE,USERID,REG_DATE,ABLE,POSTGN) values (30,1,24,'다다답','bshn123',to_date('2019/08/30','YYYY/MM/DD'),'T',24);
Insert into POST (POSTID,BOARDID,PA_POSTID,TITLE,USERID,REG_DATE,ABLE,POSTGN) values (31,1,30,'ㅅㄳㄳㄱ','bshn123',to_date('2019/08/30','YYYY/MM/DD'),'T',24);
Insert into POST (POSTID,BOARDID,PA_POSTID,TITLE,USERID,REG_DATE,ABLE,POSTGN) values (32,1,null,'새글','bshn123',to_date('2019/08/30','YYYY/MM/DD'),'F',32);
Insert into POST (POSTID,BOARDID,PA_POSTID,TITLE,USERID,REG_DATE,ABLE,POSTGN) values (34,1,32,'ㅇㅅㅇㅇㅅㅇ','bshn123',to_date('2019/08/30','YYYY/MM/DD'),'F',32);
Insert into POST (POSTID,BOARDID,PA_POSTID,TITLE,USERID,REG_DATE,ABLE,POSTGN) values (35,1,null,'ㅇㅁㄴㄻㄴㅇㄻㄴㅇㄹ','bshn123',to_date('2019/08/30','YYYY/MM/DD'),'T',35);
Insert into POST (POSTID,BOARDID,PA_POSTID,TITLE,USERID,REG_DATE,ABLE,POSTGN) values (38,1,null,'dtd','bshn123',to_date('2019/08/30','YYYY/MM/DD'),'T',38);
Insert into POST (POSTID,BOARDID,PA_POSTID,TITLE,USERID,REG_DATE,ABLE,POSTGN) values (39,1,null,'dtd','bshn123',to_date('2019/08/30','YYYY/MM/DD'),'T',39);
Insert into POST (POSTID,BOARDID,PA_POSTID,TITLE,USERID,REG_DATE,ABLE,POSTGN) values (40,1,null,'다오제목테스트','bshn123',to_date('2019/08/30','YYYY/MM/DD'),'F',40);
Insert into POST (POSTID,BOARDID,PA_POSTID,TITLE,USERID,REG_DATE,ABLE,POSTGN) values (41,1,40,'qewfqwef','bshn123',to_date('2019/08/30','YYYY/MM/DD'),'F',40);
Insert into POST (POSTID,BOARDID,PA_POSTID,TITLE,USERID,REG_DATE,ABLE,POSTGN) values (42,2,null,'dtd','bshn123',to_date('2019/09/02','YYYY/MM/DD'),'T',42);
Insert into POST (POSTID,BOARDID,PA_POSTID,TITLE,USERID,REG_DATE,ABLE,POSTGN) values (43,2,42,'answer','bshn123',to_date('2019/09/02','YYYY/MM/DD'),'F',42);
Insert into POST (POSTID,BOARDID,PA_POSTID,TITLE,USERID,REG_DATE,ABLE,POSTGN) values (44,1,null,'Testtitle','bshn123',to_date('2019/09/02','YYYY/MM/DD'),'F',44);
Insert into POST (POSTID,BOARDID,PA_POSTID,TITLE,USERID,REG_DATE,ABLE,POSTGN) values (45,1,39,'james','james',to_date('2019/09/02','YYYY/MM/DD'),'F',39);
Insert into POST (POSTID,BOARDID,PA_POSTID,TITLE,USERID,REG_DATE,ABLE,POSTGN) values (46,2,null,'Testtitle','bshn123',to_date('2019/09/02','YYYY/MM/DD'),'F',46);
Insert into POST (POSTID,BOARDID,PA_POSTID,TITLE,USERID,REG_DATE,ABLE,POSTGN) values (47,1,null,'terssts','bshn123',to_date('2019/09/02','YYYY/MM/DD'),'F',47);
Insert into POST (POSTID,BOARDID,PA_POSTID,TITLE,USERID,REG_DATE,ABLE,POSTGN) values (48,1,47,'asdfas','bshn123',to_date('2019/09/02','YYYY/MM/DD'),'T',47);
Insert into POST (POSTID,BOARDID,PA_POSTID,TITLE,USERID,REG_DATE,ABLE,POSTGN) values (49,2,null,'Testtitle','bshn123',to_date('2019/09/02','YYYY/MM/DD'),'T',49);
Insert into POST (POSTID,BOARDID,PA_POSTID,TITLE,USERID,REG_DATE,ABLE,POSTGN) values (50,1,null,'Testtitle','bshn123',to_date('2019/09/02','YYYY/MM/DD'),'F',50);
Insert into POST (POSTID,BOARDID,PA_POSTID,TITLE,USERID,REG_DATE,ABLE,POSTGN) values (51,2,null,'Testtitle','bshn123',to_date('2019/09/02','YYYY/MM/DD'),'T',51);
Insert into POST (POSTID,BOARDID,PA_POSTID,TITLE,USERID,REG_DATE,ABLE,POSTGN) values (52,1,null,'asdf','james',to_date('2019/09/19','YYYY/MM/DD'),'F',52);
Insert into POST (POSTID,BOARDID,PA_POSTID,TITLE,USERID,REG_DATE,ABLE,POSTGN) values (53,1,null,'asdf','james',to_date('2019/09/19','YYYY/MM/DD'),'F',53);
Insert into POST (POSTID,BOARDID,PA_POSTID,TITLE,USERID,REG_DATE,ABLE,POSTGN) values (54,1,null,'try','bshn123',to_date('2019/09/20','YYYY/MM/DD'),'T',54);
Insert into POST (POSTID,BOARDID,PA_POSTID,TITLE,USERID,REG_DATE,ABLE,POSTGN) values (55,1,null,'asdfasdf','bshn123',to_date('2019/09/20','YYYY/MM/DD'),'T',55);
Insert into POST (POSTID,BOARDID,PA_POSTID,TITLE,USERID,REG_DATE,ABLE,POSTGN) values (56,1,null,'qwefqwefqwefq','bshn123',to_date('2019/09/20','YYYY/MM/DD'),'F',56);
Insert into POST (POSTID,BOARDID,PA_POSTID,TITLE,USERID,REG_DATE,ABLE,POSTGN) values (57,1,null,'qewrqwr1r31r','bshn123',to_date('2019/09/20','YYYY/MM/DD'),'T',57);
Insert into POST (POSTID,BOARDID,PA_POSTID,TITLE,USERID,REG_DATE,ABLE,POSTGN) values (58,1,null,'fianl','bshn123',to_date('2019/09/20','YYYY/MM/DD'),'T',58);
Insert into POST (POSTID,BOARDID,PA_POSTID,TITLE,USERID,REG_DATE,ABLE,POSTGN) values (59,1,58,'스프링답글ㅁㄴㅇㄻㄴㅇㄻㄴㅇㄹ','bshn123',to_date('2019/09/20','YYYY/MM/DD'),'T',59);
Insert into POST (POSTID,BOARDID,PA_POSTID,TITLE,USERID,REG_DATE,ABLE,POSTGN) values (60,1,null,'ohmy;;','bshn123',to_date('2019/09/20','YYYY/MM/DD'),'F',60);
Insert into POST (POSTID,BOARDID,PA_POSTID,TITLE,USERID,REG_DATE,ABLE,POSTGN) values (61,1,null,'123412히히히히히ㅣㅎ','bshn123',to_date('2019/09/20','YYYY/MM/DD'),'T',61);
Insert into POST (POSTID,BOARDID,PA_POSTID,TITLE,USERID,REG_DATE,ABLE,POSTGN) values (62,1,null,'스프링 끝','bshn123',to_date('2019/09/20','YYYY/MM/DD'),'T',62);
Insert into POST (POSTID,BOARDID,PA_POSTID,TITLE,USERID,REG_DATE,ABLE,POSTGN) values (63,1,null,'fianl','bshn123',to_date('2019/09/20','YYYY/MM/DD'),'T',63);

Insert into POST_COM (COMMID,POSTID,USERID,REG_DATE,ABLE) values (8,1,'bshn123',to_date('2019/08/29','YYYY/MM/DD'),'F');
Insert into POST_COM (COMMID,POSTID,USERID,REG_DATE,ABLE) values (9,1,'bshn123',to_date('2019/08/29','YYYY/MM/DD'),'F');
Insert into POST_COM (COMMID,POSTID,USERID,REG_DATE,ABLE) values (1,1,'bshn123',to_date('2019/08/29','YYYY/MM/DD'),'T');
Insert into POST_COM (COMMID,POSTID,USERID,REG_DATE,ABLE) values (10,1,'bshn123',to_date('2019/08/29','YYYY/MM/DD'),'F');
Insert into POST_COM (COMMID,POSTID,USERID,REG_DATE,ABLE) values (2,1,'bshn123',to_date('2019/08/29','YYYY/MM/DD'),'T');
Insert into POST_COM (COMMID,POSTID,USERID,REG_DATE,ABLE) values (3,1,'bshn123',to_date('2019/08/29','YYYY/MM/DD'),'T');
Insert into POST_COM (COMMID,POSTID,USERID,REG_DATE,ABLE) values (11,1,'bshn123',to_date('2019/08/29','YYYY/MM/DD'),'T');
Insert into POST_COM (COMMID,POSTID,USERID,REG_DATE,ABLE) values (16,32,'bshn123',to_date('2019/08/30','YYYY/MM/DD'),'T');
Insert into POST_COM (COMMID,POSTID,USERID,REG_DATE,ABLE) values (17,1,'bshn123',to_date('2019/09/02','YYYY/MM/DD'),'T');
Insert into POST_COM (COMMID,POSTID,USERID,REG_DATE,ABLE) values (14,18,'bshn123',to_date('2019/08/30','YYYY/MM/DD'),'T');
Insert into POST_COM (COMMID,POSTID,USERID,REG_DATE,ABLE) values (15,32,'bshn123',to_date('2019/08/30','YYYY/MM/DD'),'T');
Insert into POST_COM (COMMID,POSTID,USERID,REG_DATE,ABLE) values (18,40,'bshn123',to_date('2019/09/02','YYYY/MM/DD'),'T');
Insert into POST_COM (COMMID,POSTID,USERID,REG_DATE,ABLE) values (19,40,'bshn123',to_date('2019/09/02','YYYY/MM/DD'),'T');
Insert into POST_COM (COMMID,POSTID,USERID,REG_DATE,ABLE) values (20,32,'bshn123',to_date('2019/09/02','YYYY/MM/DD'),'T');
Insert into POST_COM (COMMID,POSTID,USERID,REG_DATE,ABLE) values (21,48,'bshn123',to_date('2019/09/02','YYYY/MM/DD'),'T');
Insert into POST_COM (COMMID,POSTID,USERID,REG_DATE,ABLE) values (22,48,'bshn123',to_date('2019/09/02','YYYY/MM/DD'),'T');
Insert into POST_COM (COMMID,POSTID,USERID,REG_DATE,ABLE) values (23,40,'bshn123',to_date('2019/09/02','YYYY/MM/DD'),'T');
Insert into POST_COM (COMMID,POSTID,USERID,REG_DATE,ABLE) values (24,1,'bshn123',to_date('2019/09/02','YYYY/MM/DD'),'T');
Insert into POST_COM (COMMID,POSTID,USERID,REG_DATE,ABLE) values (25,50,'bshn123',to_date('2019/09/02','YYYY/MM/DD'),'F');
Insert into POST_COM (COMMID,POSTID,USERID,REG_DATE,ABLE) values (26,50,'bshn123',to_date('2019/09/02','YYYY/MM/DD'),'F');
Insert into POST_COM (COMMID,POSTID,USERID,REG_DATE,ABLE) values (27,50,'bshn123',to_date('2019/09/02','YYYY/MM/DD'),'F');
Insert into POST_COM (COMMID,POSTID,USERID,REG_DATE,ABLE) values (28,50,'bshn123',to_date('2019/09/02','YYYY/MM/DD'),'F');
Insert into POST_COM (COMMID,POSTID,USERID,REG_DATE,ABLE) values (29,50,'bshn123',to_date('2019/09/02','YYYY/MM/DD'),'F');
Insert into POST_COM (COMMID,POSTID,USERID,REG_DATE,ABLE) values (30,50,'bshn123',to_date('2019/09/02','YYYY/MM/DD'),'F');
Insert into POST_COM (COMMID,POSTID,USERID,REG_DATE,ABLE) values (31,39,'james',to_date('2019/09/02','YYYY/MM/DD'),'F');
Insert into POST_COM (COMMID,POSTID,USERID,REG_DATE,ABLE) values (32,40,'bshn123',to_date('2019/09/02','YYYY/MM/DD'),'T');
Insert into POST_COM (COMMID,POSTID,USERID,REG_DATE,ABLE) values (33,53,'james',to_date('2019/09/20','YYYY/MM/DD'),'T');
Insert into POST_COM (COMMID,POSTID,USERID,REG_DATE,ABLE) values (34,53,'james',to_date('2019/09/20','YYYY/MM/DD'),'T');
Insert into POST_COM (COMMID,POSTID,USERID,REG_DATE,ABLE) values (35,53,'james',to_date('2019/09/20','YYYY/MM/DD'),'T');
Insert into POST_COM (COMMID,POSTID,USERID,REG_DATE,ABLE) values (36,53,'james',to_date('2019/09/20','YYYY/MM/DD'),'F');
Insert into POST_COM (COMMID,POSTID,USERID,REG_DATE,ABLE) values (59,62,'bshn123',to_date('2019/09/20','YYYY/MM/DD'),'T');
Insert into POST_COM (COMMID,POSTID,USERID,REG_DATE,ABLE) values (46,53,'james',to_date('2019/09/20','YYYY/MM/DD'),'T');
Insert into POST_COM (COMMID,POSTID,USERID,REG_DATE,ABLE) values (47,53,'james',to_date('2019/09/20','YYYY/MM/DD'),'F');
Insert into POST_COM (COMMID,POSTID,USERID,REG_DATE,ABLE) values (48,53,'james',to_date('2019/09/20','YYYY/MM/DD'),'T');
Insert into POST_COM (COMMID,POSTID,USERID,REG_DATE,ABLE) values (49,53,'james',to_date('2019/09/20','YYYY/MM/DD'),'T');
Insert into POST_COM (COMMID,POSTID,USERID,REG_DATE,ABLE) values (50,53,'james',to_date('2019/09/20','YYYY/MM/DD'),'T');
Insert into POST_COM (COMMID,POSTID,USERID,REG_DATE,ABLE) values (51,53,'james',to_date('2019/09/20','YYYY/MM/DD'),'T');
Insert into POST_COM (COMMID,POSTID,USERID,REG_DATE,ABLE) values (52,53,'james',to_date('2019/09/20','YYYY/MM/DD'),'F');
Insert into POST_COM (COMMID,POSTID,USERID,REG_DATE,ABLE) values (53,53,'james',to_date('2019/09/20','YYYY/MM/DD'),'T');
Insert into POST_COM (COMMID,POSTID,USERID,REG_DATE,ABLE) values (54,53,'james',to_date('2019/09/20','YYYY/MM/DD'),'T');
Insert into POST_COM (COMMID,POSTID,USERID,REG_DATE,ABLE) values (55,53,'james',to_date('2019/09/20','YYYY/MM/DD'),'T');
Insert into POST_COM (COMMID,POSTID,USERID,REG_DATE,ABLE) values (56,53,'james',to_date('2019/09/20','YYYY/MM/DD'),'T');
Insert into POST_COM (COMMID,POSTID,USERID,REG_DATE,ABLE) values (57,53,'james',to_date('2019/09/20','YYYY/MM/DD'),'T');
Insert into POST_COM (COMMID,POSTID,USERID,REG_DATE,ABLE) values (58,53,'james',to_date('2019/09/20','YYYY/MM/DD'),'T');

Insert into POST_FILE (FILEID,POSTID,FILENM,REALFILEPATH) values (1,1,'brown.png','d:\dev\upload\2019\08\2b38b216-c1b3-424b-93db-186cdb62810c.png');
Insert into POST_FILE (FILEID,POSTID,FILENM,REALFILEPATH) values (17,21,'ryan.png','d:\dev\upload\2019\08\3a2c1aee-00b5-4b85-80a3-9264b422d8d3.png');
Insert into POST_FILE (FILEID,POSTID,FILENM,REALFILEPATH) values (16,21,'moon.png','d:\dev\upload\2019\08\155fda61-0b01-4111-ad00-427b03092627.png');
Insert into POST_FILE (FILEID,POSTID,FILENM,REALFILEPATH) values (18,21,'sally.png','d:\dev\upload\2019\08\22e77fae-cd9d-4137-a6b4-da043e260095.png');
Insert into POST_FILE (FILEID,POSTID,FILENM,REALFILEPATH) values (19,22,'brown.png','d:\dev\upload\2019\08\9a37b077-37b3-4f66-bcb5-5de346ddd0ff.png');
Insert into POST_FILE (FILEID,POSTID,FILENM,REALFILEPATH) values (14,19,'sally.png','d:\dev\upload\2019\08\0b037d7d-dc44-4d33-88e7-ed9c7c101e37.png');
Insert into POST_FILE (FILEID,POSTID,FILENM,REALFILEPATH) values (15,20,'moon.png','d:\dev\upload\2019\08\8acd2ffa-0c48-4f23-9117-f8352e41e288.png');
Insert into POST_FILE (FILEID,POSTID,FILENM,REALFILEPATH) values (20,22,'cony.png','d:\dev\upload\2019\08\19aa9619-4a41-4d28-b0c9-866b925dfa35.png');
Insert into POST_FILE (FILEID,POSTID,FILENM,REALFILEPATH) values (72,60,'noimage.png','d:\springUpload\2019\09\2f6aec7d-8ee2-4f97-9834-efd6cfd32246e.png');
Insert into POST_FILE (FILEID,POSTID,FILENM,REALFILEPATH) values (22,18,'moon.png','d:\dev\upload\2019\08\c7b342fb-34bc-4e70-b027-33029cbc3d83.png');
Insert into POST_FILE (FILEID,POSTID,FILENM,REALFILEPATH) values (23,18,'ryan.png','d:\dev\upload\2019\08\c36351b2-7693-414e-8eee-1e02493f91ab.png');
Insert into POST_FILE (FILEID,POSTID,FILENM,REALFILEPATH) values (34,23,'james.png','d:\dev\upload\2019\08\c816e083-6c4b-49d9-af55-e71ea9234e6f.png');
Insert into POST_FILE (FILEID,POSTID,FILENM,REALFILEPATH) values (27,23,'james.png','d:\dev\upload\2019\08\f1fd45dd-823d-41fd-ac5c-9d02feae5701.png');
Insert into POST_FILE (FILEID,POSTID,FILENM,REALFILEPATH) values (40,28,'ryan.png','d:\dev\upload\2019\08\70d143dc-6b1b-42cb-9b38-297df29a133a.png');
Insert into POST_FILE (FILEID,POSTID,FILENM,REALFILEPATH) values (36,23,'ryan.png','d:\dev\upload\2019\08\4dbd0a4c-9869-4a64-a10e-1cca3a70716b.png');
Insert into POST_FILE (FILEID,POSTID,FILENM,REALFILEPATH) values (37,23,'sally.png','d:\dev\upload\2019\08\f448a1fd-f13d-4bab-a7ca-5afc390fb62e.png');
Insert into POST_FILE (FILEID,POSTID,FILENM,REALFILEPATH) values (38,24,'ryan.png','d:\dev\upload\2019\08\568a217a-3e42-47da-8777-af9de6ab0c2e.png');
Insert into POST_FILE (FILEID,POSTID,FILENM,REALFILEPATH) values (39,28,'moon.png','d:\dev\upload\2019\08\1135c0d6-e494-4b2c-9a25-1897d44638e4.png');
Insert into POST_FILE (FILEID,POSTID,FILENM,REALFILEPATH) values (41,28,'sally.png','d:\dev\upload\2019\08\841a5d87-03ee-4737-9357-b7134645a937.png');
Insert into POST_FILE (FILEID,POSTID,FILENM,REALFILEPATH) values (42,28,'ryan.png','d:\dev\upload\2019\08\b7aa33cf-95fb-4d64-959e-2301083a5705.png');
Insert into POST_FILE (FILEID,POSTID,FILENM,REALFILEPATH) values (43,32,'ryan.png','d:\dev\upload\2019\08\9c0b5e6d-e6b7-465a-a7fd-c38ea9d6d119.png');
Insert into POST_FILE (FILEID,POSTID,FILENM,REALFILEPATH) values (44,32,'sally.png','d:\dev\upload\2019\08\838c6da8-ec54-43e5-8610-c7869b0d079c.png');
Insert into POST_FILE (FILEID,POSTID,FILENM,REALFILEPATH) values (70,58,'ryan.png','d:\springUpload\2019\09\3909ffb5-3895-4e82-ab60-c13efb04ed22n.png');
Insert into POST_FILE (FILEID,POSTID,FILENM,REALFILEPATH) values (49,1,'ryan.png','d:\dev\upload\2019\09\6cd48589-566d-4653-9655-97a131f28d1d.png');
Insert into POST_FILE (FILEID,POSTID,FILENM,REALFILEPATH) values (47,1,'james.png','d:\dev\upload\2019\09\6f78af22-8241-40c4-8045-b4cca5e3c6bb.png');
Insert into POST_FILE (FILEID,POSTID,FILENM,REALFILEPATH) values (51,42,'moon.png','d:\dev\upload\2019\09\68480288-8b39-49fd-ae82-aab0cd866fc2.png');
Insert into POST_FILE (FILEID,POSTID,FILENM,REALFILEPATH) values (53,28,'moon.png','d:\dev\upload\2019\09\c96ac22d-8c7f-4743-9256-8a808e2d10db.png');
Insert into POST_FILE (FILEID,POSTID,FILENM,REALFILEPATH) values (52,42,'ryan.png','d:\dev\upload\2019\09\9febc7bb-42a7-4435-9092-cebaaa81312b.png');
Insert into POST_FILE (FILEID,POSTID,FILENM,REALFILEPATH) values (54,28,'ryan.png','d:\dev\upload\2019\09\d94e0949-69d1-4c27-920e-db51147d5c2b.png');
Insert into POST_FILE (FILEID,POSTID,FILENM,REALFILEPATH) values (55,28,'sally.png','d:\dev\upload\2019\09\68b9d6ae-d585-4dad-b3b4-8b99dfbdc52f.png');
Insert into POST_FILE (FILEID,POSTID,FILENM,REALFILEPATH) values (56,35,'brown.png','d:\dev\upload\2019\09\df5099aa-0381-4aa3-af56-4dd84bb69c9a.png');
Insert into POST_FILE (FILEID,POSTID,FILENM,REALFILEPATH) values (57,35,'cony.png','d:\dev\upload\2019\09\02924e45-5861-4226-9512-50a4d5267285.png');
Insert into POST_FILE (FILEID,POSTID,FILENM,REALFILEPATH) values (62,35,'sally.png','d:\dev\upload\2019\09\6b29be4c-3bf7-43aa-ae44-d026912f0e33.png');
Insert into POST_FILE (FILEID,POSTID,FILENM,REALFILEPATH) values (63,47,'brown.png','d:\dev\upload\2019\09\bcbe24c7-9f4e-4974-8379-88fd297e1fc3.png');
Insert into POST_FILE (FILEID,POSTID,FILENM,REALFILEPATH) values (60,35,'ryan.png','d:\dev\upload\2019\09\c826f319-860c-45e1-a453-e7e9bd51d426.png');
Insert into POST_FILE (FILEID,POSTID,FILENM,REALFILEPATH) values (61,35,'ryan.png','d:\dev\upload\2019\09\5aa42820-56b2-466a-8945-0efaa04ba120.png');
Insert into POST_FILE (FILEID,POSTID,FILENM,REALFILEPATH) values (64,47,'cony.png','d:\dev\upload\2019\09\e1d6d100-a5b4-4758-8fa4-65f7b4a38978.png');
Insert into POST_FILE (FILEID,POSTID,FILENM,REALFILEPATH) values (65,47,'james.png','d:\dev\upload\2019\09\2aefd884-5a92-4578-bbfa-0a0f9f40f5eb.png');
Insert into POST_FILE (FILEID,POSTID,FILENM,REALFILEPATH) values (66,46,'ryan.png','d:\dev\upload\2019\08\9427ed80-3894-480a-939e-defww325e9ff78.png');
Insert into POST_FILE (FILEID,POSTID,FILENM,REALFILEPATH) values (78,62,'james.png','d:\springUpload\2019\09\fa2d0a21-a77e-401e-b5a7-6efcb98cf8fbs.png');
Insert into POST_FILE (FILEID,POSTID,FILENM,REALFILEPATH) values (73,61,'cony.png','d:\springUpload\2019\09\665a8d0d-00d4-465f-bc79-0f4d9f03b6bcy.png');
Insert into POST_FILE (FILEID,POSTID,FILENM,REALFILEPATH) values (69,46,'ryan.png','d:\dev\upload\2019\08\9427ed80-3894-480a-939e-defww325e9ff78.png');
Insert into POST_FILE (FILEID,POSTID,FILENM,REALFILEPATH) values (76,62,'brown.png','d:\springUpload\2019\09\64a28673-04e4-4511-83ff-0006373e7daen.png');
Insert into POST_FILE (FILEID,POSTID,FILENM,REALFILEPATH) values (77,62,'cony.png','d:\springUpload\2019\09\57c876ab-13d7-42b3-9e7b-2497135e4c47y.png');
Insert into POST_FILE (FILEID,POSTID,FILENM,REALFILEPATH) values (79,62,'moon.png','d:\springUpload\2019\09\b5b7aa7f-6a9b-478d-9379-0bec175f88f5n.png');
Insert into POST_FILE (FILEID,POSTID,FILENM,REALFILEPATH) values (80,62,'noimage.png','d:\springUpload\2019\09\9ed0dc70-9b2f-468f-931d-3e1f041f7f2be.png');
Insert into POST_FILE (FILEID,POSTID,FILENM,REALFILEPATH) values (81,63,'ryan.png','d:\springUpload\2019\09\8fb56dc4-abad-4137-95ce-2fcbcacbb357n.png');



commit;